{
  "faithfulness": 0.7222222222222222,
  "answer_relevancy": 0.7975466680241915,
  "context_recall": 0.8333333333333334,
  "context_precision": 0.89999999993
}